2026-10-10 02:31:53Z,PROD,https://joaopedro0s.github.io/sinal-aberto/,200,0.107697
2026-10-10 09:01:54Z,PROD,https://joaopedro0s.github.io/sinal-aberto/,200,0.166370
2026-10-10 09:01:57Z,HML,https://joaopedro0s.github.io/sinal-aberto/hml/,200,0.378853
2026-10-10 15:21:57Z,PROD,https://joaopedro0s.github.io/sinal-aberto/,200,0.129972
2026-10-10 15:21:59Z,HML,https://joaopedro0s.github.io/sinal-aberto/hml/,200,0.107695
2026-10-10 19:25:16Z,PROD,https://joaopedro0s.github.io/sinal-aberto/,200,0.261896
2026-10-10 19:25:18Z,HML,https://joaopedro0s.github.io/sinal-aberto/hml/,200,0.331898
2026-10-10 22:48:05Z,PROD,https://joaopedro0s.github.io/sinal-aberto/,200,0.066103
2026-10-10 22:48:07Z,HML,https://joaopedro0s.github.io/sinal-aberto/hml/,200,0.096329
2026-10-11 01:31:36Z,PROD,https://joaopedro0s.github.io/sinal-aberto/,200,0.403197
